ссылка;самая низкая цена 1;продавец 1;самая низкая цена 2;продавец 2;количество предложений
https://www.ceneo.pl/28553427###tab=reviews_scroll;26,08;klaudianatura.pl;26,28;Zdrowinki.pl;41
https://www.ceneo.pl/92957118###tab=reviews_scroll;19,9;bioika.pl;22,13;allegro.pl;8
https://www.ceneo.pl/124658149###tab=reviews_scroll;27,73;wapteka.pl;27,73;aptekarosa.pl;39
https://www.ceneo.pl/125655043###tab=reviews_scroll;44,13;klaudianatura.pl;45,1;allegro.pl;4
https://www.ceneo.pl/40954339###tab=reviews_scroll;10,79;wizaz24.pl;10,85;Cosmosens.pl;29
https://www.ceneo.pl/40524702###tab=reviews_scroll;39,99;nabea.pl;39,99;klaudianatura.pl;9
https://www.ceneo.pl/82742660###tab=reviews_scroll;84,6;aptekaolmed.pl;85,71;musclepump.pl;31
https://www.ceneo.pl/82742661###tab=reviews_scroll;89,67;nabea.pl;91,79;gemini.pl;41
https://www.ceneo.pl/153722980###tab=reviews_scroll;14,6;allegro.pl;15,73;aramnatura.sklep.pl;5
https://www.ceneo.pl/28553422###tab=reviews_scroll;22,21;galeriakosmetyczna.com.pl;26,24;Zdrowinki.pl;29
https://www.ceneo.pl/40524701###tab=reviews_scroll;33,99;aramnatura.sklep.pl;33,99;klaudianatura.pl;12
https://www.ceneo.pl/153723195###tab=reviews_scroll;17,22;aramnatura.sklep.pl;17,99;klaudianatura.pl;4
https://www.ceneo.pl/43109859###tab=reviews_scroll;9,56;aptekarosa.pl;10,85;Cosmosens.pl;26
https://www.ceneo.pl/115882390###tab=reviews_scroll;26,14;Zdrowinki.pl;26,45;senior.blizejciebie.pl;24
https://www.ceneo.pl/39699517###tab=reviews_scroll;14,9;anforkosmetyki-s32633#tab=info.pl;14,99;seol-cosmetics.pl;19
https://www.ceneo.pl/92957122###tab=reviews_scroll;11,99;klaudianatura.pl;12,02;galeriakosmetyczna.com.pl;9
https://www.ceneo.pl/26876317###tab=reviews_scroll;15,77;allegro.pl;16,9;nabea.pl;11
https://www.ceneo.pl/110021031###tab=reviews_scroll;33,06;aptekaolmed.pl;33,4;musclepump.pl;39
https://www.ceneo.pl/111642233###tab=reviews_scroll;29,99;aramnatura.sklep.pl;29,99;klaudianatura.pl;2
https://www.ceneo.pl/101909455###tab=reviews_scroll;76,92;a-manada.pl;76,93;gemini.pl;24
https://www.ceneo.pl/43266613###tab=reviews_scroll;38,99;klaudianatura.pl;42,9;bioika.pl;7
https://www.ceneo.pl/125540202###tab=reviews_scroll;29.99;klaudianatura.pl;-;-;1
https://www.ceneo.pl/128726951###tab=reviews_scroll;7,51;rozetka.pl;9,39;nabea.pl;7
https://www.ceneo.pl/131718258###tab=reviews_scroll;34,99;aptekazawiszy.pl;35,49;gemini.pl;9
https://www.ceneo.pl/121508535###tab=reviews_scroll;6,99;klaudianatura.pl;8,45;allegro.pl;5
https://www.ceneo.pl/93504614###tab=reviews_scroll;47,49;aptekarosa.pl;47,5;webpharm.pl;38
https://www.ceneo.pl/75409741###tab=reviews_scroll;35,59;apteka-melissa.pl;35,59;e-melissa.pl;41
https://www.ceneo.pl/157430015###tab=reviews_scroll;39,98;aptekarosa.pl;39,99;apteka-melissa.pl;11
https://www.ceneo.pl/142013846###tab=reviews_scroll;43,35;aptekarosa.pl;43,36;empik.com-s25070#tab=info.pl;24
https://www.ceneo.pl/94451322###tab=reviews_scroll;36,37;a-manada.pl;36,38;musclepump.pl;35
https://www.ceneo.pl/153723348###tab=reviews_scroll;10,89;allegro.pl;15,99;bioika.pl;6
https://www.ceneo.pl/127537279###tab=reviews_scroll;4,15;galeriakosmetyczna.com.pl;4,49;bioika.pl;9
https://www.ceneo.pl/39699516###tab=reviews_scroll;10,4;Zdrowinki.pl;19,99;klaudianatura.pl;14
https://www.ceneo.pl/93892386###tab=reviews_scroll;26,59;wapteka.pl;26,59;rozetka.pl;18
https://www.ceneo.pl/135885323###tab=reviews_scroll;21,0;naturalcenter.pl;21,95;aptekaolmed.pl;15
https://www.ceneo.pl/92628651###tab=reviews_scroll;29,98;aptekarosa.pl;29,99;swiatsupli.pl;19
https://www.ceneo.pl/156657452###tab=reviews_scroll;8,94;allegro.pl;8,99;galeriakosmetyczna.com.pl;6
https://www.ceneo.pl/141740397###tab=reviews_scroll;9,99;klaudianatura.pl;11,99;aramnatura.sklep.pl;4
https://www.ceneo.pl/102499475###tab=reviews_scroll;29,93;aptekaolmed.pl;29,95;bee.pl;42
https://www.ceneo.pl/106107533###tab=reviews_scroll;28,4;med-life.pl;29,99;witaminyswanson.pl;9
https://www.ceneo.pl/111642225###tab=reviews_scroll;39,99;aramnatura.sklep.pl;40,0;klaudianatura.pl;2
https://www.ceneo.pl/93069382###tab=reviews_scroll;25,61;klaudianatura.pl;28,0;formulazdrowia.pl;3
https://www.ceneo.pl/96730181###tab=reviews_scroll;15,59;Cosmosens.pl;15,77;allegro.pl;15
https://www.ceneo.pl/85783578###tab=reviews_scroll;46,13;scanbody.pl;48,31;apteka-melissa.pl;41
https://www.ceneo.pl/91377802###tab=reviews_scroll;38,4;apteka-melissa.pl;38,4;wapteka.pl;29
https://www.ceneo.pl/149643698###tab=reviews_new;39,99;aramnatura.sklep.pl;40,0;klaudianatura.pl;2
https://www.ceneo.pl/53604860###tab=reviews_scroll;38,99;klaudianatura.pl;44,0;mojazielarnia.pl;3
https://www.ceneo.pl/90684938###tab=reviews_scroll;33,65;rozetka.pl;33,81;a-manada.pl;32
https://www.ceneo.pl/105094597###tab=reviews_scroll;17,99;klaudianatura.pl;23,0;formulazdrowia.pl;3
https://www.ceneo.pl/113937197###tab=reviews_scroll;33,99;aptekarosa.pl;34,0;sklepzycia.pl;7
https://www.ceneo.pl/39699696###tab=reviews_scroll;18,4;allegro.pl;33,9;cocolita.pl;21
https://www.ceneo.pl/140026837###tab=reviews_scroll;27,98;rozetka.pl;28,88;nowafarmacja.pl;17
https://www.ceneo.pl/93892891###tab=reviews_scroll;52,74;wapteka.pl;52,74;aptelia.pl;28
https://www.ceneo.pl/102234017###tab=reviews_scroll;22,59;a-manada.pl;23,99;swiatsupli.pl;19
https://www.ceneo.pl/111642222###tab=reviews_scroll;6,99;aramnatura.sklep.pl;6,99;klaudianatura.pl;3
https://www.ceneo.pl/67588096###tab=reviews_scroll;39,92;a-manada.pl;39,93;aptekarosa.pl;36
https://www.ceneo.pl/139306042###tab=reviews_scroll;6,49;aptekaglowna.pl;7,18;rozetka.pl;14
https://www.ceneo.pl/43680434###tab=reviews_scroll;16,0;klaudianatura.pl;18,9;bioika.pl;5
https://www.ceneo.pl/102456522###tab=reviews_scroll;66,79;wapteka.pl;66,79;aptekarosa.pl;17
https://www.ceneo.pl/152819131###tab=reviews_new;15,78;aramnatura.sklep.pl;15,99;klaudianatura.pl;3
https://www.ceneo.pl/138281291###tab=reviews_scroll;29,85;aptekaolmed.pl;29,99;swiatsupli.pl;23
https://www.ceneo.pl/151576372###tab=reviews_new;36,03;wapteka.pl;36,03;rozetka.pl;22
https://www.ceneo.pl/89468192###tab=reviews_scroll;49,0;vikingpoint.pl;49,68;nabea.pl;14
https://www.ceneo.pl/43680433###tab=reviews_scroll;15,84;allegro.pl;16,0;klaudianatura.pl;3
https://www.ceneo.pl/150758094###tab=reviews_scroll;139,99;aramnatura.sklep.pl;139,99;klaudianatura.pl;2
https://www.ceneo.pl/117386053###tab=reviews_scroll;13,99;klaudianatura.pl;15,0;formulazdrowia.pl;4
https://www.ceneo.pl/149676517###tab=reviews_scroll;14,89;e-zikoapteka.pl;14,89;nowafarmacja.pl;13
https://www.ceneo.pl/141422424###tab=reviews_scroll;31,2;naturalcenter.pl;32,89;aptekazawiszy.pl;9
https://www.ceneo.pl/105981101###tab=reviews_scroll;25,94;wapteka.pl;25,94;aptekarosa.pl;31
https://www.ceneo.pl/155061745###tab=reviews_scroll;15,99;klaudianatura.pl;20,99;aramnatura.sklep.pl;3
https://www.ceneo.pl/93504609###tab=reviews_scroll;36,9;lifeshop.pl;37,6;nowafarmacja.pl;27
https://www.ceneo.pl/153723248###tab=reviews_new;14,99;klaudianatura.pl;19,95;allegro.pl;5
https://www.ceneo.pl/102001327###tab=reviews_new;46,33;aramnatura.sklep.pl;46,7;allegro.pl;3
https://www.ceneo.pl/140256758###tab=reviews_new;8,99;klaudianatura.pl;9,99;aramnatura.sklep.pl;2
https://www.ceneo.pl/109608422###tab=reviews_scroll;41,98;rozetka.pl;42,99;aptekazawiszy.pl;24
https://www.ceneo.pl/113878111###tab=reviews_scroll;25,73;klaudianatura.pl;32,11;aramnatura.sklep.pl;2
